{
  "0": {
    "train_loss": 4.507784156792905,
    "valid_loss": 4.593129610400268
  },
  "best": {
    "valid_loss": 2.3021775579181156,
    "index": 14,
    "hyperparams": {
      "adapt": true,
      "delta": 0.01,
      "n": 4
    }
  },
  "1": {
    "train_loss": 4.507516200954242,
    "valid_loss": 4.594408971289655
  },
  "2": {
    "train_loss": 4.507784142557148,
    "valid_loss": 4.593128731559586
  },
  "3": {
    "train_loss": 4.507516398074461,
    "valid_loss": 4.594407922353218
  },
  "4": {
    "train_loss": 3.5050804300305898,
    "valid_loss": 3.535609288716836
  },
  "5": {
    "train_loss": 3.500533135768516,
    "valid_loss": 3.549516156949132
  },
  "6": {
    "train_loss": 3.505346428993683,
    "valid_loss": 3.5315651641195838
  },
  "7": {
    "train_loss": 3.5009178108035033,
    "valid_loss": 3.5423688689386092
  },
  "8": {
    "train_loss": 2.528350682745632,
    "valid_loss": 2.689187288680586
  },
  "9": {
    "train_loss": 2.5067341493855992,
    "valid_loss": 2.7305718084474946
  },
  "10": {
    "train_loss": 2.5341299940920523,
    "valid_loss": 2.6508266657025015
  },
  "11": {
    "train_loss": 2.514284598729905,
    "valid_loss": 2.684946826416237
  },
  "12": {
    "train_loss": 1.8374574270713921,
    "valid_loss": 2.4207397976612497
  },
  "13": {
    "train_loss": 1.7891753263072188,
    "valid_loss": 2.5211824437259667
  },
  "14": {
    "train_loss": 1.8703898632292466,
    "valid_loss": 2.3021775579181156
  },
  "15": {
    "train_loss": 1.829705174576293,
    "valid_loss": 2.381761708176343
  },
  "16": {
    "train_loss": 1.3862962852360003,
    "valid_loss": 2.679202576336745
  },
  "17": {
    "train_loss": 1.3177875381589501,
    "valid_loss": 2.7979444982356605
  },
  "18": {
    "train_loss": 1.480506133251254,
    "valid_loss": 2.464062539319423
  },
  "19": {
    "train_loss": 1.4277058288195725,
    "valid_loss": 2.5639551892173804
  },
  "20": {
    "train_loss": 1.056250817738384,
    "valid_loss": 3.0787789729260697
  },
  "21": {
    "train_loss": 0.9849215936528554,
    "valid_loss": 3.214570004778949
  },
  "22": {
    "train_loss": 1.2378134445212292,
    "valid_loss": 2.84236818341179
  },
  "23": {
    "train_loss": 1.1876716289975287,
    "valid_loss": 2.9609300916879384
  },
  "24": {
    "train_loss": 0.8059186146084963,
    "valid_loss": 3.5659300779392167
  },
  "25": {
    "train_loss": 0.739841283315861,
    "valid_loss": 3.708124134976594
  },
  "26": {
    "train_loss": 1.07875809258423,
    "valid_loss": 3.334800037261048
  },
  "27": {
    "train_loss": 1.0356232155408092,
    "valid_loss": 3.4629322580998005
  },
  "28": {
    "train_loss": 0.6055575599694184,
    "valid_loss": 4.053649405504013
  },
  "29": {
    "train_loss": 0.54771326719314,
    "valid_loss": 4.19923683631595
  },
  "30": {
    "train_loss": 0.963212517379823,
    "valid_loss": 3.83837446856881
  },
  "31": {
    "train_loss": 0.9277240803960011,
    "valid_loss": 3.9717714983415333
  }
}