{
  "times": [
    0,
    0,
    0,
    0,
    0,
    0,
    0,
    0,
    0,
    0,
    0,
    0,
    0,
    0,
    0,
    0,
    0,
    0,
    0,
    0,
    0,
    0
  ],
  "epochs": [
    1,
    1,
    2,
    2,
    3,
    3,
    4,
    4,
    5,
    5,
    5,
    6,
    6,
    7,
    7,
    8,
    8,
    9,
    9,
    9,
    10,
    10
  ],
  "batches": [
    100,
    200,
    300,
    400,
    500,
    600,
    700,
    800,
    900,
    1000,
    1100,
    1200,
    1300,
    1400,
    1500,
    1600,
    1700,
    1800,
    1900,
    2000,
    2100,
    2200
  ],
  "train_errs": [
    3.2143217611312864,
    3.043118782043457,
    2.9232526803016663,
    2.72294545173645,
    2.6207872557640077,
    2.5456739974021914,
    2.4900787711143493,
    2.4438116431236265,
    2.3909000086784364,
    2.361006395816803,
    2.31959107875824,
    2.2978085470199585,
    2.2561134624481203,
    2.2417469000816346,
    2.2111385560035703,
    2.192263762950897,
    2.1731957626342773,
    2.146049447059631,
    2.1385070860385893,
    2.112081296443939,
    2.105105229616165,
    2.0796538543701173
  ],
  "train_errs_ra": [
    3.2143217611312864,
    3.1287202715873716,
    3.060231074492136,
    2.9759096688032143,
    2.904885186195373,
    2.845016654729843,
    2.7943112427847723,
    2.750498792827129,
    2.710543372366163,
    2.6755896747112273,
    2.6432261659882283,
    2.614441364407539,
    2.58687767964143,
    2.562225481101445,
    2.5388196860949197,
    2.517159940898418,
    2.496926753941704,
    2.477433570226033,
    2.4595953342161674,
    2.442219632327556,
    2.4261665655317755,
    2.4104159877517
  ],
  "valid_errs": [
    3.071131706237793,
    3.0308544635772705,
    2.826887607574463,
    2.6815874576568604,
    2.606308162212372,
    2.5553783178329468,
    2.4877886374791465,
    2.516329745451609,
    2.4059846798578897,
    2.3635997772216797,
    2.3401447534561157,
    2.3379660844802856,
    2.342932919661204,
    2.2514363328615823,
    2.2387253443400064,
    2.2226498325665793,
    2.2040520310401917,
    2.176577627658844,
    2.1863317688306174,
    2.171320696671804,
    2.1247525413831077,
    2.1272016962369285
  ]
}