{
  "0": {
    "train_loss": 4.507784156792905,
    "valid_loss": 4.593129610400268
  },
  "best": {
    "valid_loss": 2.3021775579181156,
    "index": 26,
    "hyperparams": {
      "adapt": true,
      "delta": 0.01,
      "n": 4
    }
  },
  "1": {
    "train_loss": 4.507516200954242,
    "valid_loss": 4.594408971289655
  },
  "2": {
    "train_loss": 4.507784142557148,
    "valid_loss": 4.593128731559586
  },
  "3": {
    "train_loss": 4.507516398074461,
    "valid_loss": 4.594407922353218
  },
  "4": {
    "train_loss": 4.507784206455062,
    "valid_loss": 4.5931200602586095
  },
  "5": {
    "train_loss": 4.5075186108537535,
    "valid_loss": 4.594397553856567
  },
  "6": {
    "train_loss": 4.507799014700265,
    "valid_loss": 4.593043367452273
  },
  "7": {
    "train_loss": 4.507557718119779,
    "valid_loss": 4.59430425935256
  },
  "8": {
    "train_loss": 3.5050804300305898,
    "valid_loss": 3.535609288716836
  },
  "9": {
    "train_loss": 3.500533135768516,
    "valid_loss": 3.549516156949132
  },
  "10": {
    "train_loss": 3.505346428993683,
    "valid_loss": 3.5315651641195838
  },
  "11": {
    "train_loss": 3.5009178108035033,
    "valid_loss": 3.5423688689386092
  },
  "12": {
    "train_loss": 3.507753496079682,
    "valid_loss": 3.5311076326873385
  },
  "13": {
    "train_loss": 3.5044330915067543,
    "valid_loss": 3.539048875088695
  },
  "14": {
    "train_loss": 3.5279599736354825,
    "valid_loss": 3.5586684032957265
  },
  "15": {
    "train_loss": 3.5330950401790107,
    "valid_loss": 3.565151927511428
  },
  "16": {
    "train_loss": 2.528350682745632,
    "valid_loss": 2.689187288680586
  },
  "17": {
    "train_loss": 2.5067341493855992,
    "valid_loss": 2.7305718084474946
  },
  "18": {
    "train_loss": 2.5341299940920523,
    "valid_loss": 2.6508266657025015
  },
  "19": {
    "train_loss": 2.514284598729905,
    "valid_loss": 2.684946826416237
  },
  "20": {
    "train_loss": 2.5746633101955108,
    "valid_loss": 2.664669348643136
  },
  "21": {
    "train_loss": 2.5678919647144234,
    "valid_loss": 2.6920362333362675
  },
  "22": {
    "train_loss": 2.7820647131726832,
    "valid_loss": 2.902715554094523
  },
  "23": {
    "train_loss": 2.8350730741255887,
    "valid_loss": 2.927319991041192
  },
  "24": {
    "train_loss": 1.8374574270713921,
    "valid_loss": 2.4207397976612497
  },
  "25": {
    "train_loss": 1.7891753263072188,
    "valid_loss": 2.5211824437259667
  },
  "26": {
    "train_loss": 1.8703898632292466,
    "valid_loss": 2.3021775579181156
  },
  "27": {
    "train_loss": 1.829705174576293,
    "valid_loss": 2.381761708176343
  },
  "28": {
    "train_loss": 2.0643354092023145,
    "valid_loss": 2.3853151732556728
  },
  "29": {
    "train_loss": 2.0706401959112584,
    "valid_loss": 2.447429648347412
  },
  "30": {
    "train_loss": 2.74820024697866,
    "valid_loss": 3.0512412287739714
  },
  "31": {
    "train_loss": 2.885160806149583,
    "valid_loss": 3.1014246502379974
  },
  "32": {
    "train_loss": 1.3862962852360003,
    "valid_loss": 2.679202576336745
  },
  "33": {
    "train_loss": 1.3177875381589501,
    "valid_loss": 2.7979444982356605
  },
  "34": {
    "train_loss": 1.480506133251254,
    "valid_loss": 2.464062539319423
  },
  "35": {
    "train_loss": 1.4277058288195725,
    "valid_loss": 2.5639551892173804
  },
  "36": {
    "train_loss": 1.9518782362194371,
    "valid_loss": 2.646956446874422
  },
  "37": {
    "train_loss": 1.981167503786484,
    "valid_loss": 2.7294305650573305
  },
  "38": {
    "train_loss": 3.152899515441221,
    "valid_loss": 3.61723813892589
  },
  "39": {
    "train_loss": 3.330470107745337,
    "valid_loss": 3.6787356520479326
  },
  "40": {
    "train_loss": 1.056250817738384,
    "valid_loss": 3.0787789729260697
  },
  "41": {
    "train_loss": 0.9849215936528554,
    "valid_loss": 3.214570004778949
  },
  "42": {
    "train_loss": 1.2378134445212292,
    "valid_loss": 2.84236818341179
  },
  "43": {
    "train_loss": 1.1876716289975287,
    "valid_loss": 2.9609300916879384
  },
  "44": {
    "train_loss": 2.0335130132951393,
    "valid_loss": 3.1248169827493837
  },
  "45": {
    "train_loss": 2.0803426692435276,
    "valid_loss": 3.221481237076719
  },
  "46": {
    "train_loss": 3.6204984841398677,
    "valid_loss": 4.189986131776364
  },
  "47": {
    "train_loss": 3.7956186350513894,
    "valid_loss": 4.2546322389370435
  },
  "48": {
    "train_loss": 0.8059186146084963,
    "valid_loss": 3.5659300779392167
  },
  "49": {
    "train_loss": 0.739841283315861,
    "valid_loss": 3.708124134976594
  },
  "50": {
    "train_loss": 1.07875809258423,
    "valid_loss": 3.334800037261048
  },
  "51": {
    "train_loss": 1.0356232155408092,
    "valid_loss": 3.4629322580998005
  },
  "52": {
    "train_loss": 2.171954461748976,
    "valid_loss": 3.656895821968212
  },
  "53": {
    "train_loss": 2.2246180288801614,
    "valid_loss": 3.7587123838471888
  },
  "54": {
    "train_loss": 4.017902715293171,
    "valid_loss": 4.6714747095520766
  },
  "55": {
    "train_loss": 4.171589765135639,
    "valid_loss": 4.733373951562122
  },
  "56": {
    "train_loss": 0.6055575599694184,
    "valid_loss": 4.053649405504013
  },
  "57": {
    "train_loss": 0.54771326719314,
    "valid_loss": 4.19923683631595
  },
  "58": {
    "train_loss": 0.963212517379823,
    "valid_loss": 3.83837446856881
  },
  "59": {
    "train_loss": 0.9277240803960011,
    "valid_loss": 3.9717714983415333
  },
  "60": {
    "train_loss": 2.310972750151752,
    "valid_loss": 4.1629030295587635
  },
  "61": {
    "train_loss": 2.3623184050660204,
    "valid_loss": 4.265674538246283
  },
  "62": {
    "train_loss": 4.330117637748459,
    "valid_loss": 5.059623342465005
  },
  "63": {
    "train_loss": 4.456196502018575,
    "valid_loss": 5.116593146758595
  },
  "64": {
    "train_loss": 0.4528899792507032,
    "valid_loss": 4.473681261979856
  },
  "65": {
    "train_loss": 0.4068829745382612,
    "valid_loss": 4.608612627189557
  },
  "66": {
    "train_loss": 0.8849666630578114,
    "valid_loss": 4.29722579727403
  },
  "67": {
    "train_loss": 0.8589058550112127,
    "valid_loss": 4.425203355163615
  },
  "68": {
    "train_loss": 2.438376336114239,
    "valid_loss": 4.605196382116435
  },
  "69": {
    "train_loss": 2.48508091327202,
    "valid_loss": 4.702960776485479
  },
  "70": {
    "train_loss": 4.5630594022151625,
    "valid_loss": 5.358717068512436
  },
  "71": {
    "train_loss": 4.662150394398929,
    "valid_loss": 5.409556816859897
  },
  "72": {
    "train_loss": 0.3478688867813775,
    "valid_loss": 4.817822302908307
  },
  "73": {
    "train_loss": 0.31291932984418985,
    "valid_loss": 4.948390798683343
  },
  "74": {
    "train_loss": 0.8393424253871136,
    "valid_loss": 4.678904640380322
  },
  "75": {
    "train_loss": 0.8212339487218049,
    "valid_loss": 4.8022790117805005
  },
  "76": {
    "train_loss": 2.5464245704571837,
    "valid_loss": 4.9561192137740475
  },
  "77": {
    "train_loss": 2.5866924277922676,
    "valid_loss": 5.047940336910074
  },
  "78": {
    "train_loss": 4.732754655764799,
    "valid_loss": 5.571410431166125
  },
  "79": {
    "train_loss": 4.809226066453567,
    "valid_loss": 5.615989062424775
  },
  "80": {
    "train_loss": 0.2750748197164768,
    "valid_loss": 5.092978544970919
  },
  "81": {
    "train_loss": 0.24892118012071288,
    "valid_loss": 5.202604278870572
  },
  "82": {
    "train_loss": 0.8118585203264382,
    "valid_loss": 4.9889415095100045
  },
  "83": {
    "train_loss": 0.79955327074736,
    "valid_loss": 5.096966429884931
  },
  "84": {
    "train_loss": 2.630840289859615,
    "valid_loss": 5.227557850311948
  },
  "85": {
    "train_loss": 2.6645419720496104,
    "valid_loss": 5.308254277309912
  },
  "86": {
    "train_loss": 4.853964442949973,
    "valid_loss": 5.721324748370841
  },
  "87": {
    "train_loss": 4.912803402825836,
    "valid_loss": 5.7595105059341165
  },